Winner,ScoreW,ScoreL,Loser,Wk,Home/Away/Neutral,Date,Day,Spread,PointDif,,,Progress
Florida,24,20,Miami(FL),1,N,Aug 24 2019,Sat,8.5,4,,,100.00%
Hawaii,45,38,Arizona,1,,Aug 24 2019,Sat,-12,7,,,
Alabama-Birmingham,24,19,AlabamaState,2,,Aug 29 2019,Thu,38,5,,,
ArizonaState,30,7,KentState,2,,Aug 29 2019,Thu,25.5,23,,,
BowlingGreenState,46,3,MorganState,2,,Aug 29 2019,Thu,23,43,,,
Buffalo,38,10,RobertMorris,2,,Aug 29 2019,Thu,46.5,28,,,
CentralArkansas,35,28,WesternKentucky,2,@,Aug 29 2019,Thu,-8,7,,,
CentralFlorida,62,0,FloridaA&M,2,,Aug 29 2019,Thu,47,62,,,
CentralMichigan,38,21,Albany,2,,Aug 29 2019,Thu,15.5,17,,,
Charlotte,49,28,Gardner-Webb,2,,Aug 29 2019,Thu,31.5,21,,,
Cincinnati,24,14,UCLA,2,,Aug 29 2019,Thu,4,10,,,
Clemson,52,14,GeorgiaTech,2,,Aug 29 2019,Thu,33,38,,,
Connecticut,24,21,Wagner,2,,Aug 29 2019,Thu,18.5,3,,,
Minnesota,28,21,SouthDakotaState,2,,Aug 29 2019,Thu,15.5,7,,,
SanJoseState,35,18,NorthernColorado,2,,Aug 29 2019,Thu,13,17,,,
TexasA&M,41,7,TexasState,2,,Aug 29 2019,Thu,33.5,34,,,
Tulane,42,14,FloridaInternational,2,,Aug 29 2019,Thu,2,28,,,
Utah,30,12,BrighamYoung,2,@,Aug 29 2019,Thu,7,18,,,
Army,14,7,Rice,2,,Aug 30 2019,Fri,23.5,7,,,
Colorado,52,31,ColoradoState,2,N,Aug 30 2019,Fri,10.5,21,,,
MichiganState,28,7,Tulsa,2,,Aug 30 2019,Fri,20,21,,,
Nevada,34,31,Purdue,2,,Aug 30 2019,Fri,-6.5,3,,,
OklahomaState,52,36,OregonState,2,@,Aug 30 2019,Fri,16.5,16,,,
Rutgers,48,21,Massachusetts,2,,Aug 30 2019,Fri,10,27,,,
WakeForest,38,35,UtahState,2,,Aug 30 2019,Fri,2.5,3,,,
Wisconsin,49,0,SouthFlorida,2,@,Aug 30 2019,Fri,9.5,49,,,
AirForce,48,7,Colgate,2,,Aug 31 2019,Sat,20.5,41,,,
Alabama,42,3,Duke,2,N,Aug 31 2019,Sat,30,39,,,
AppalachianState,42,7,EastTennesseeState,2,,Aug 31 2019,Sat,32.5,35,,,
Arkansas,20,13,PortlandState,2,,Aug 31 2019,Sat,30,7,,,
Auburn,27,21,Oregon,2,N,Aug 31 2019,Sat,2.5,6,,,
Baylor,56,17,StephenF.Austin,2,,Aug 31 2019,Sat,42,39,,,
BoiseState,36,31,FloridaState,2,@,Aug 31 2019,Sat,-6.5,5,,,
BostonCollege,35,28,VirginiaTech,2,,Aug 31 2019,Sat,-4.5,7,,,
California,27,13,California-Davis,2,,Aug 31 2019,Sat,-2.5,14,,,
EasternMichigan,30,23,CoastalCarolina,2,@,Aug 31 2019,Sat,5.5,7,,,
Georgia,30,6,Vanderbilt,2,@,Aug 31 2019,Sat,20,24,,,
GeorgiaState,38,30,Tennessee,2,@,Aug 31 2019,Sat,-25.5,8,,,
Illinois,42,3,Akron,2,,Aug 31 2019,Sat,15.5,39,,,
Indiana,34,24,BallState,2,N,Aug 31 2019,Sat,16.5,10,,,
Iowa,38,14,Miami(OH),2,,Aug 31 2019,Sat,21.5,24,,,
IowaState,29,26,NorthernIowa,2,,Aug 31 2019,Sat,20.5,3,,,
Kansas,24,17,IndianaState,2,,Aug 31 2019,Sat,9.5,7,,,
KansasState,49,14,NichollsState,2,,Aug 31 2019,Sat,20.5,35,,,
Kentucky,38,24,Toledo,2,,Aug 31 2019,Sat,13.5,14,,,
LouisianaState,55,3,GeorgiaSouthern,2,,Aug 31 2019,Sat,25.5,52,,,
Louisiana-Monroe,31,9,GramblingState,2,,Aug 31 2019,Sat,28.5,22,,,
Marshall,56,17,VirginiaMilitaryInstitute,2,,Aug 31 2019,Sat,39.5,39,,,
Maryland,79,0,Howard,2,,Aug 31 2019,Sat,30,79,,,
Memphis,15,10,Mississippi,2,,Aug 31 2019,Sat,7.5,5,,,
Michigan,40,21,MiddleTennesseeState,2,,Aug 31 2019,Sat,30,19,,,
MississippiState,38,28,Louisiana,2,N,Aug 31 2019,Sat,22.5,10,,,
Navy,45,7,HolyCross,2,,Aug 31 2019,Sat,21.5,38,,,
Nebraska,35,21,SouthAlabama,2,,Aug 31 2019,Sat,32,14,,,
Nevada-LasVegas,56,23,SouthernUtah,2,,Aug 31 2019,Sat,24,33,,,
NewMexico,39,31,SamHoustonState,2,,Aug 31 2019,Sat,7,8,,,
NorthCarolina,24,20,SouthCarolina,2,N,Aug 31 2019,Sat,-7.5,4,,,
NorthCarolinaState,34,6,EastCarolina,2,,Aug 31 2019,Sat,20.5,28,,,
NorthTexas,51,31,AbileneChristian,2,,Aug 31 2019,Sat,22.5,20,,,
NorthernIllinois,24,10,IllinoisState,2,,Aug 31 2019,Sat,26.5,14,,,
Ohio,41,20,RhodeIsland,2,,Aug 31 2019,Sat,25,21,,,
OhioState,45,21,FloridaAtlantic,2,,Aug 31 2019,Sat,24,24,,,
OldDominion,24,21,NorfolkState,2,,Aug 31 2019,Sat,27,3,,,
PennState,79,7,Idaho,2,,Aug 31 2019,Sat,47.5,72,,,
SanDiegoState,6,0,WeberState,2,,Aug 31 2019,Sat,7,6,,,
SouthernCalifornia,31,23,FresnoState,2,,Aug 31 2019,Sat,10.5,8,,,
SouthernMethodist,37,30,ArkansasState,2,@,Aug 31 2019,Sat,-5.5,7,,,
SouthernMississippi,38,10,AlcornState,2,,Aug 31 2019,Sat,25,28,,,
Stanford,17,7,Northwestern,2,,Aug 31 2019,Sat,7,10,,,
Syracuse,24,0,Liberty,2,@,Aug 31 2019,Sat,16.5,24,,,
Temple,56,12,Bucknell,2,,Aug 31 2019,Sat,40.5,44,,,
Texas,45,14,LouisianaTech,2,,Aug 31 2019,Sat,18,31,,,
TexasChristian,39,7,Arkansas-PineBluff,2,,Aug 31 2019,Sat,52.5,32,,,
TexasTech,45,10,MontanaState,2,,Aug 31 2019,Sat,28.5,35,,,
Texas-ElPaso,36,34,HoustonBaptist,2,,Aug 31 2019,Sat,17.5,2,,,
Texas-SanAntonio,35,7,IncarnateWord,2,,Aug 31 2019,Sat,7.5,28,,,
Troy,43,14,Campbell,2,,Aug 31 2019,Sat,36.5,29,,,
Virginia,30,14,Pittsburgh,2,@,Aug 31 2019,Sat,2.5,16,,,
Washington,47,14,EasternWashington,2,,Aug 31 2019,Sat,22.5,33,,,
WashingtonState,58,7,NewMexicoState,2,,Aug 31 2019,Sat,34,51,,,
WestVirginia,20,13,JamesMadison,2,,Aug 31 2019,Sat,7.5,7,,,
WesternMichigan,48,13,Monmouth,2,,Aug 31 2019,Sat,25.5,35,,,
Wyoming,37,31,Missouri,2,,Aug 31 2019,Sat,-15.5,6,,,
Oklahoma,49,31,Houston,2,,Sep 1 2019,Sun,26.5,18,,,
NotreDame,35,17,Louisville,2,@,Sep 2 2019,Mon,20,18,,,
ArizonaState,19,7,SacramentoState,3,,Sep 6 2019,Fri,36.5,12,,,
BoiseState,14,7,Marshall,3,,Sep 6 2019,Fri,12,7,,,
Virginia,52,17,William&Mary,3,,Sep 6 2019,Fri,35.5,35,,,
WakeForest,41,21,Rice,3,@,Sep 6 2019,Fri,18,20,,,
Alabama,62,10,NewMexicoState,3,,Sep 7 2019,Sat,54,52,,,
Alabama-Birmingham,31,20,Akron,3,@,Sep 7 2019,Sat,9,11,,,
AppalachianState,56,41,Charlotte,3,,Sep 7 2019,Sat,21,15,,,
Arizona,65,41,NorthernArizona,3,,Sep 7 2019,Sat,28.5,24,,,
ArkansasState,43,17,Nevada-LasVegas,3,@,Sep 7 2019,Sat,1,26,,,
Auburn,24,6,Tulane,3,,Sep 7 2019,Sat,18,18,,,
BallState,57,29,Fordham,3,,Sep 7 2019,Sat,29.5,28,,,
Baylor,63,14,Texas-SanAntonio,3,,Sep 7 2019,Sat,26,49,,,
BostonCollege,45,13,Richmond,3,,Sep 7 2019,Sat,33.5,32,,,
BrighamYoung,29,26,Tennessee,3,@,Sep 7 2019,Sat,-3,3,,,
California,20,19,Washington,3,@,Sep 7 2019,Sat,-12.5,1,,,
CentralFlorida,48,14,FloridaAtlantic,3,@,Sep 7 2019,Sat,9,34,,,
Clemson,24,10,TexasA&M,3,,Sep 7 2019,Sat,19,14,,,
CoastalCarolina,12,7,Kansas,3,@,Sep 7 2019,Sat,-10.5,5,,,
Colorado,34,31,Nebraska,3,,Sep 7 2019,Sat,-3.5,3,,,
ColoradoState,38,13,WesternIllinois,3,,Sep 7 2019,Sat,9.5,25,,,
Duke,45,13,NorthCarolinaA&T,3,,Sep 7 2019,Sat,27.5,32,,,
EastCarolina,48,9,Gardner-Webb,3,,Sep 7 2019,Sat,29.5,39,,,
Florida,45,0,Tennessee-Martin,3,,Sep 7 2019,Sat,44.5,45,,,
FloridaState,45,44,Louisiana-Monroe,3,,Sep 7 2019,Sat,21,1,,,
Georgia,63,17,MurrayState,3,,Sep 7 2019,Sat,48.5,46,,,
GeorgiaSouthern,26,18,Maine,3,,Sep 7 2019,Sat,9,8,,,
GeorgiaState,48,42,Furman,3,,Sep 7 2019,Sat,7.5,6,,,
GeorgiaTech,14,10,SouthFlorida,3,,Sep 7 2019,Sat,6,4,,,
Hawaii,31,28,OregonState,3,,Sep 7 2019,Sat,5,3,,,
Houston,37,17,PrairieViewA&M,3,,Sep 7 2019,Sat,37,20,,,
Illinois,31,23,Connecticut,3,@,Sep 7 2019,Sat,20,8,,,
Indiana,52,0,EasternIllinois,3,,Sep 7 2019,Sat,35.5,52,,,
Iowa,30,0,Rutgers,3,,Sep 7 2019,Sat,20.5,30,,,
KansasState,52,0,BowlingGreenState,3,,Sep 7 2019,Sat,24,52,,,
KentState,26,23,KennesawState,3,,Sep 7 2019,Sat,5,3,,,
Kentucky,38,17,EasternMichigan,3,,Sep 7 2019,Sat,14,21,,,
Louisiana,35,14,Liberty,3,,Sep 7 2019,Sat,13,21,,,
LouisianaState,45,38,Texas,3,@,Sep 7 2019,Sat,4.5,7,,,
LouisianaTech,20,14,GramblingState,3,,Sep 7 2019,Sat,30,6,,,
Louisville,42,0,EasternKentucky,3,,Sep 7 2019,Sat,20.5,42,,,
Maryland,63,20,Syracuse,3,,Sep 7 2019,Sat,1.5,43,,,
Memphis,55,24,Southern,3,,Sep 7 2019,Sat,41,31,,,
Miami(OH),48,17,TennesseeTech,3,,Sep 7 2019,Sat,41.5,31,,,
Michigan,24,21,Army,3,,Sep 7 2019,Sat,23.5,3,,,
MichiganState,51,17,WesternMichigan,3,,Sep 7 2019,Sat,17.5,34,,,
MiddleTennesseeState,45,26,TennesseeState,3,,Sep 7 2019,Sat,27,19,,,
Minnesota,38,35,FresnoState,3,@,Sep 7 2019,Sat,2.5,3,,,
Mississippi,31,17,Arkansas,3,,Sep 7 2019,Sat,7.5,14,,,
MississippiState,38,15,SouthernMississippi,3,,Sep 7 2019,Sat,16.5,23,,,
Missouri,38,7,WestVirginia,3,,Sep 7 2019,Sat,10.5,31,,,
NorthCarolina,28,25,Miami(FL),3,,Sep 7 2019,Sat,-6,3,,,
NorthCarolinaState,41,0,WesternCarolina,3,,Sep 7 2019,Sat,44.5,41,,,
OhioState,42,0,Cincinnati,3,,Sep 7 2019,Sat,17,42,,,
Oklahoma,70,14,SouthDakota,3,,Sep 7 2019,Sat,44.5,56,,,
OklahomaState,56,14,McNeeseState,3,,Sep 7 2019,Sat,42,42,,,
Oregon,77,6,Nevada,3,,Sep 7 2019,Sat,23,71,,,
PennState,45,13,Buffalo,3,,Sep 7 2019,Sat,24,32,,,
Pittsburgh,20,10,Ohio,3,,Sep 7 2019,Sat,6.5,10,,,
Purdue,42,24,Vanderbilt,3,,Sep 7 2019,Sat,9.5,18,,,
SanDiegoState,23,14,UCLA,3,@,Sep 7 2019,Sat,-7,9,,,
SouthAlabama,37,14,JacksonState,3,,Sep 7 2019,Sat,25,23,,,
SouthCarolina,72,10,CharlestonSouthern,3,,Sep 7 2019,Sat,36,62,,,
SouthernCalifornia,45,20,Stanford,3,,Sep 7 2019,Sat,3.5,25,,,
SouthernIllinois,45,20,Massachusetts,3,@,Sep 7 2019,Sat,-4.5,25,,,
SouthernMethodist,49,27,NorthTexas,3,,Sep 7 2019,Sat,4,22,,,
TexasTech,38,3,Texas-ElPaso,3,,Sep 7 2019,Sat,33.5,35,,,
Tulsa,34,16,SanJoseState,3,@,Sep 7 2019,Sat,7,18,,,
Utah,35,17,NorthernIllinois,3,,Sep 7 2019,Sat,23,18,,,
UtahState,62,7,StonyBrook,3,,Sep 7 2019,Sat,30.5,55,,,
VirginiaTech,31,17,OldDominion,3,,Sep 7 2019,Sat,26.5,14,,,
WashingtonState,59,17,NorthernColorado,3,,Sep 7 2019,Sat,37.5,42,,,
WesternKentucky,20,14,FloridaInternational,3,@,Sep 7 2019,Sat,-8.5,6,,,
Wisconsin,61,0,CentralMichigan,3,,Sep 7 2019,Sat,34,61,,,
Wyoming,23,14,TexasState,3,@,Sep 7 2019,Sat,8,9,,,
Kansas,48,24,BostonCollege,4,@,Sep 13 2019,Fri,-18.5,24,,,
WakeForest,24,18,NorthCarolina,4,,Sep 13 2019,Fri,3.5,6,,,
WashingtonState,31,24,Houston,4,N,Sep 13 2019,Fri,6,7,,,
AirForce,30,23,Colorado,4,@,Sep 14 2019,Sat,-3.5,7,,,
Alabama,47,23,SouthCarolina,4,@,Sep 14 2019,Sat,25.5,24,,,
Arizona,28,14,TexasTech,4,,Sep 14 2019,Sat,-2,14,,,
ArizonaState,10,7,MichiganState,4,@,Sep 14 2019,Sat,-11,3,,,
Arkansas,55,34,ColoradoState,4,,Sep 14 2019,Sat,10,21,,,
Army,31,13,Texas-SanAntonio,4,@,Sep 14 2019,Sat,16,18,,,
Auburn,55,16,KentState,4,,Sep 14 2019,Sat,35,39,,,
BoiseState,45,10,PortlandState,4,,Sep 14 2019,Sat,31.5,35,,,
BrighamYoung,30,27,SouthernCalifornia,4,,Sep 14 2019,Sat,-4.5,3,,,
California,23,17,NorthTexas,4,,Sep 14 2019,Sat,14,6,,,
CentralFlorida,45,27,Stanford,4,,Sep 14 2019,Sat,6,18,,,
CentralMichigan,45,24,Akron,4,,Sep 14 2019,Sat,5,21,,,
Charlotte,52,17,Massachusetts,4,,Sep 14 2019,Sat,18,35,,,
Cincinnati,35,13,Miami(OH),4,,Sep 14 2019,Sat,15,22,,,
Citadel,27,24,GeorgiaTech,4,@,Sep 14 2019,Sat,27,3,,,
Clemson,41,6,Syracuse,4,@,Sep 14 2019,Sat,26,35,,,
CoastalCarolina,46,7,NorfolkState,4,,Sep 14 2019,Sat,26.5,39,,,
Duke,41,18,MiddleTennesseeState,4,@,Sep 14 2019,Sat,7,23,,,
EasternMichigan,34,31,Illinois,4,@,Sep 14 2019,Sat,-7.5,3,,,
Florida,29,21,Kentucky,4,@,Sep 14 2019,Sat,8,8,,,
FloridaAtlantic,41,31,BallState,4,@,Sep 14 2019,Sat,3,10,,,
FloridaInternational,30,17,NewHampshire,4,,Sep 14 2019,Sat,7,13,,,
Georgia,55,0,ArkansasState,4,,Sep 14 2019,Sat,33.5,55,,,
Iowa,18,17,IowaState,4,@,Sep 14 2019,Sat,1.5,1,,,
KansasState,31,24,MississippiState,4,@,Sep 14 2019,Sat,-7,7,,,
Liberty,35,17,Buffalo,4,,Sep 14 2019,Sat,-4,18,,,
Louisiana,77,6,TexasSouthern,4,,Sep 14 2019,Sat,47,71,,,
LouisianaState,65,14,NorthwesternState,4,,Sep 14 2019,Sat,51.5,51,,,
LouisianaTech,35,7,BowlingGreenState,4,@,Sep 14 2019,Sat,9.5,28,,,
Louisville,38,21,WesternKentucky,4,N,Sep 14 2019,Sat,7.5,17,,,
Marshall,33,31,Ohio,4,,Sep 14 2019,Sat,4,2,,,
Memphis,42,6,SouthAlabama,4,@,Sep 14 2019,Sat,21,36,,,
Miami(FL),63,0,Bethune-Cookman,4,,Sep 14 2019,Sat,40.5,63,,,
Minnesota,35,32,GeorgiaSouthern,4,,Sep 14 2019,Sat,15.5,3,,,
Mississippi,40,29,SoutheasternLouisiana,4,,Sep 14 2019,Sat,31,11,,,
Missouri,50,0,SoutheastMissouriState,4,,Sep 14 2019,Sat,34,50,,,
Navy,42,10,EastCarolina,4,,Sep 14 2019,Sat,7,32,,,
Nebraska,44,8,NorthernIllinois,4,,Sep 14 2019,Sat,15,36,,,
Nevada,19,13,WeberState,4,,Sep 14 2019,Sat,9.5,6,,,
Northwestern,30,14,Nevada-LasVegas,4,,Sep 14 2019,Sat,20,16,,,
NotreDame,66,14,NewMexico,4,,Sep 14 2019,Sat,37,52,,,
OhioState,51,10,Indiana,4,@,Sep 14 2019,Sat,13.5,41,,,
Oklahoma,48,14,UCLA,4,@,Sep 14 2019,Sat,19.5,34,,,
OklahomaState,40,21,Tulsa,4,@,Sep 14 2019,Sat,13,19,,,
Oregon,35,3,Montana,4,,Sep 14 2019,Sat,39.5,32,,,
OregonState,45,7,CalPoly,4,,Sep 14 2019,Sat,14.5,38,,,
PennState,17,10,Pittsburgh,4,,Sep 14 2019,Sat,16.5,7,,,
SanDiegoState,31,10,NewMexicoState,4,@,Sep 14 2019,Sat,16,21,,,
SouthFlorida,55,16,SouthCarolinaState,4,,Sep 14 2019,Sat,24,39,,,
SouthernMethodist,47,17,TexasState,4,,Sep 14 2019,Sat,18,30,,,
SouthernMississippi,47,42,Troy,4,@,Sep 14 2019,Sat,-3,5,,,
Temple,20,17,Maryland,4,,Sep 14 2019,Sat,-5.5,3,,,
Tennessee,45,0,Chattanooga,4,,Sep 14 2019,Sat,31.5,45,,,
Texas,48,13,Rice,4,N,Sep 14 2019,Sat,29.5,35,,,
TexasA&M,62,3,Lamar,4,,Sep 14 2019,Sat,44,59,,,
TexasChristian,34,13,Purdue,4,@,Sep 14 2019,Sat,3,21,,,
Toledo,45,0,MurrayState,4,,Sep 14 2019,Sat,36,45,,,
Tulane,58,6,MissouriState,4,,Sep 14 2019,Sat,31.5,52,,,
Utah,31,0,IdahoState,4,,Sep 14 2019,Sat,36.5,31,,,
Virginia,31,24,FloridaState,4,,Sep 14 2019,Sat,8,7,,,
VirginiaTech,24,17,Furman,4,,Sep 14 2019,Sat,24.5,7,,,
Washington,52,20,Hawaii,4,,Sep 14 2019,Sat,20.5,32,,,
WestVirginia,44,27,NorthCarolinaState,4,,Sep 14 2019,Sat,-5.5,17,,,
WesternMichigan,57,10,GeorgiaState,4,,Sep 14 2019,Sat,11.5,47,,,
Wyoming,21,16,Idaho,4,,Sep 14 2019,Sat,25.5,5,,,
Tulane,38,31,Houston,5,,Sep 19 2019,Thu,3,7,,,
BoiseState,30,19,AirForce,5,,Sep 20 2019,Fri,9.5,11,,,
LouisianaTech,43,31,FloridaInternational,5,,Sep 20 2019,Fri,8,12,,,
SouthernCalifornia,30,23,Utah,5,,Sep 20 2019,Fri,-4,7,,,
Alabama,49,7,SouthernMississippi,5,,Sep 21 2019,Sat,37,42,,,
Alabama-Birmingham,35,3,SouthAlabama,5,,Sep 21 2019,Sat,13,32,,,
AppalachianState,34,31,NorthCarolina,5,@,Sep 21 2019,Sat,-4.5,3,,,
ArkansasState,41,28,SouthernIllinois,5,,Sep 21 2019,Sat,20.5,13,,,
Army,52,21,MorganState,5,,Sep 21 2019,Sat,44,31,,,
Auburn,28,20,TexasA&M,5,@,Sep 21 2019,Sat,-4,8,,,
Baylor,21,13,Rice,5,@,Sep 21 2019,Sat,25,8,,,
BostonCollege,30,16,Rutgers,5,@,Sep 21 2019,Sat,6.5,14,,,
Buffalo,38,22,Temple,5,,Sep 21 2019,Sat,-11.5,16,,,
California,28,20,Mississippi,5,@,Sep 21 2019,Sat,-3,8,,,
Clemson,52,10,Charlotte,5,,Sep 21 2019,Sat,41,42,,,
CoastalCarolina,62,28,Massachusetts,5,@,Sep 21 2019,Sat,15,34,,,
Colorado,34,31,ArizonaState,5,@,Sep 21 2019,Sat,-7,3,,,
EastCarolina,19,7,William&Mary,5,,Sep 21 2019,Sat,13,12,,,
EasternMichigan,34,29,CentralConnecticutState,5,,Sep 21 2019,Sat,31,5,,,
Florida,34,3,Tennessee,5,,Sep 21 2019,Sat,14.5,31,,,
FloridaAtlantic,42,7,Wagner,5,,Sep 21 2019,Sat,36,35,,,
FloridaState,35,24,Louisville,5,,Sep 21 2019,Sat,6.5,11,,,
FresnoState,34,20,SacramentoState,5,,Sep 21 2019,Sat,23.5,14,,,
Georgia,23,17,NotreDame,5,,Sep 21 2019,Sat,11.5,6,,,
Hawaii,35,16,CentralArkansas,5,,Sep 21 2019,Sat,14.5,19,,,
Indiana,38,3,Connecticut,5,,Sep 21 2019,Sat,26.5,35,,,
IowaState,72,20,Louisiana-Monroe,5,,Sep 21 2019,Sat,19,52,,,
KentState,62,20,BowlingGreenState,5,,Sep 21 2019,Sat,9.5,42,,,
Liberty,62,27,Hampton,5,,Sep 21 2019,Sat,24,35,,,
Louisiana,45,25,Ohio,5,@,Sep 21 2019,Sat,3.5,20,,,
LouisianaState,66,38,Vanderbilt,5,@,Sep 21 2019,Sat,21,28,,,
Miami(FL),17,12,CentralMichigan,5,,Sep 21 2019,Sat,30,5,,,
MichiganState,31,10,Northwestern,5,@,Sep 21 2019,Sat,6.5,21,,,
MississippiState,28,13,Kentucky,5,,Sep 21 2019,Sat,7.5,15,,,
Missouri,34,14,SouthCarolina,5,,Sep 21 2019,Sat,9.5,20,,,
Nebraska,42,38,Illinois,5,@,Sep 21 2019,Sat,10,4,,,
Nevada,37,21,Texas-ElPaso,5,@,Sep 21 2019,Sat,13,16,,,
NewMexico,55,52,NewMexicoState,5,,Sep 21 2019,Sat,6,3,,,
NorthCarolinaState,34,23,BallState,5,,Sep 21 2019,Sat,19,11,,,
NorthTexas,45,3,Texas-SanAntonio,5,,Sep 21 2019,Sat,18.5,42,,,
OhioState,76,5,Miami(OH),5,,Sep 21 2019,Sat,38,71,,,
Oregon,21,6,Stanford,5,@,Sep 21 2019,Sat,8,15,,,
Pittsburgh,35,34,CentralFlorida,5,,Sep 21 2019,Sat,-10,1,,,
SanJoseState,31,24,Arkansas,5,@,Sep 21 2019,Sat,-20.5,7,,,
SouthernMethodist,41,38,TexasChristian,5,@,Sep 21 2019,Sat,-9.5,3,,,
Syracuse,52,33,WesternMichigan,5,,Sep 21 2019,Sat,4.5,19,,,
Texas,36,30,OklahomaState,5,,Sep 21 2019,Sat,7,6,,,
TexasState,37,34,GeorgiaState,5,,Sep 21 2019,Sat,3,3,,,
Toledo,41,35,ColoradoState,5,@,Sep 21 2019,Sat,7,6,,,
Troy,35,7,Akron,5,@,Sep 21 2019,Sat,16,28,,,
Tulsa,24,21,Wyoming,5,,Sep 21 2019,Sat,3,3,,,
UCLA,67,63,WashingtonState,5,@,Sep 21 2019,Sat,-17,4,,,
UtahState,23,17,SanDiegoState,5,@,Sep 21 2019,Sat,2.5,6,,,
Virginia,28,17,OldDominion,5,,Sep 21 2019,Sat,31,11,,,
WakeForest,49,7,Elon,5,,Sep 21 2019,Sat,28,42,,,
Washington,45,19,BrighamYoung,5,@,Sep 21 2019,Sat,6.5,26,,,
WestVirginia,29,24,Kansas,5,@,Sep 21 2019,Sat,4,5,,,
Wisconsin,35,14,Michigan,5,,Sep 21 2019,Sat,2.5,21,,,
Memphis,35,23,Navy,6,,Sep 26 2019,Thu,11.5,12,,,
AirForce,41,24,SanJoseState,6,,Sep 27 2019,Fri,21,17,,,
ArizonaState,24,17,California,6,@,Sep 27 2019,Fri,7,7,,,
Duke,45,10,VirginiaTech,6,@,Sep 27 2019,Fri,-2,35,,,
PennState,59,0,Maryland,6,@,Sep 27 2019,Fri,6,59,,,
Alabama,59,31,Mississippi,6,,Sep 28 2019,Sat,34,28,,,
AppalachianState,56,37,CoastalCarolina,6,,Sep 28 2019,Sat,17,19,,,
Arizona,20,17,UCLA,6,,Sep 28 2019,Sat,7,3,,,
ArkansasState,50,43,Troy,6,@,Sep 28 2019,Sat,-6,7,,,
Auburn,56,23,MississippiState,6,,Sep 28 2019,Sat,10,33,,,
Baylor,23,21,IowaState,6,,Sep 28 2019,Sat,-2.5,2,,,
CentralFlorida,56,21,Connecticut,6,,Sep 28 2019,Sat,42.5,35,,,
Cincinnati,52,14,Marshall,6,@,Sep 28 2019,Sat,3,38,,,
Clemson,21,20,NorthCarolina,6,@,Sep 28 2019,Sat,24.5,1,,,
EastCarolina,24,21,OldDominion,6,@,Sep 28 2019,Sat,-3,3,,,
Florida,38,0,Towson,6,,Sep 28 2019,Sat,39,38,,,
FloridaAtlantic,45,27,Charlotte,6,@,Sep 28 2019,Sat,1.5,18,,,
FloridaState,31,13,NorthCarolinaState,6,,Sep 28 2019,Sat,4.5,18,,,
FresnoState,30,17,NewMexicoState,6,@,Sep 28 2019,Sat,17.5,13,,,
Hawaii,54,3,Nevada,6,@,Sep 28 2019,Sat,-2.5,51,,,
Houston,46,25,NorthTexas,6,@,Sep 28 2019,Sat,-2.5,21,,,
Iowa,48,3,MiddleTennesseeState,6,,Sep 28 2019,Sat,24.5,45,,,
Liberty,17,10,NewMexico,6,,Sep 28 2019,Sat,7.5,7,,,
Louisiana,37,24,GeorgiaSouthern,6,@,Sep 28 2019,Sat,2.5,13,,,
LouisianaTech,23,20,Rice,6,@,Sep 28 2019,Sat,11,3,,,
Louisiana-Monroe,30,17,SouthAlabama,6,,Sep 28 2019,Sat,16,13,,,
Massachusetts,37,29,Akron,6,,Sep 28 2019,Sat,-4.5,8,,,
Miami(OH),34,20,Buffalo,6,,Sep 28 2019,Sat,-2,14,,,
Michigan,52,0,Rutgers,6,,Sep 28 2019,Sat,26,52,,,
MichiganState,40,31,Indiana,6,,Sep 28 2019,Sat,15.5,9,,,
Minnesota,38,31,Purdue,6,@,Sep 28 2019,Sat,-1.5,7,,,
NotreDame,35,20,Virginia,6,,Sep 28 2019,Sat,11.5,15,,,
OhioState,48,7,Nebraska,6,@,Sep 28 2019,Sat,14,41,,,
Oklahoma,55,16,TexasTech,6,,Sep 28 2019,Sat,24,39,,,
OklahomaState,26,13,KansasState,6,,Sep 28 2019,Sat,5,13,,,
Pittsburgh,17,14,Delaware,6,,Sep 28 2019,Sat,26.5,3,,,
SouthCarolina,24,7,Kentucky,6,,Sep 28 2019,Sat,1.5,17,,,
SouthernMethodist,48,21,SouthFlorida,6,@,Sep 28 2019,Sat,6,27,,,
SouthernMississippi,31,13,Texas-ElPaso,6,,Sep 28 2019,Sat,25,18,,,
Stanford,31,28,OregonState,6,@,Sep 28 2019,Sat,3,3,,,
Syracuse,41,3,HolyCross,6,,Sep 28 2019,Sat,38.5,38,,,
Temple,24,2,GeorgiaTech,6,,Sep 28 2019,Sat,8.5,22,,,
TexasA&M,31,27,Arkansas,6,N,Sep 28 2019,Sat,21.5,4,,,
TexasChristian,51,14,Kansas,6,,Sep 28 2019,Sat,16,37,,,
TexasState,24,3,NichollsState,6,,Sep 28 2019,Sat,2,21,,,
Toledo,28,21,BrighamYoung,6,,Sep 28 2019,Sat,-3,7,,,
Utah,38,13,WashingtonState,6,,Sep 28 2019,Sat,6,25,,,
UtahState,34,24,ColoradoState,6,,Sep 28 2019,Sat,20.5,10,,,
Vanderbilt,24,18,NorthernIllinois,6,,Sep 28 2019,Sat,6.5,6,,,
WakeForest,27,24,BostonCollege,6,@,Sep 28 2019,Sat,4,3,,,
Washington,28,14,SouthernCalifornia,6,,Sep 28 2019,Sat,9.5,14,,,
WesternKentucky,20,13,Alabama-Birmingham,6,,Sep 28 2019,Sat,-1,7,,,
WesternMichigan,31,15,CentralMichigan,6,,Sep 28 2019,Sat,16,16,,,
Wisconsin,24,15,Northwestern,6,,Sep 28 2019,Sat,21,9,,,
Wyoming,53,17,Nevada-LasVegas,6,,Sep 28 2019,Sat,9.5,36,,,
GeorgiaSouthern,20,17,SouthAlabama,7,@,Oct 3 2019,Thu,13,3,,,
Temple,27,17,EastCarolina,7,@,Oct 3 2019,Thu,11,10,,,
Cincinnati,27,24,CentralFlorida,7,,Oct 4 2019,Fri,-3,3,,,
SanJoseState,32,21,NewMexico,7,,Oct 4 2019,Fri,6,11,,,
Alabama-Birmingham,35,20,Rice,7,,Oct 5 2019,Sat,1,15,,,
Arizona,35,30,Colorado,7,@,Oct 5 2019,Sat,-3,5,,,
BallState,27,20,NorthernIllinois,7,@,Oct 5 2019,Sat,-6,7,,,
Baylor,31,12,KansasState,7,@,Oct 5 2019,Sat,0,19,,,
BoiseState,38,13,Nevada-LasVegas,7,@,Oct 5 2019,Sat,24,25,,,
CentralMichigan,42,16,EasternMichigan,7,,Oct 5 2019,Sat,-5,26,,,
Florida,24,13,Auburn,7,,Oct 5 2019,Sat,-2.5,11,,,
FloridaInternational,44,0,Massachusetts,7,,Oct 5 2019,Sat,6.5,44,,,
Georgia,43,14,Tennessee,7,@,Oct 5 2019,Sat,24.5,29,,,
GeorgiaState,52,38,ArkansasState,7,,Oct 5 2019,Sat,-7,14,,,
IowaState,49,24,TexasChristian,7,,Oct 5 2019,Sat,3,25,,,
Liberty,20,13,NewMexicoState,7,@,Oct 5 2019,Sat,4,7,,,
LouisianaState,42,6,UtahState,7,,Oct 5 2019,Sat,23.5,36,,,
Louisville,41,39,BostonCollege,7,,Oct 5 2019,Sat,4.5,2,,,
Maryland,48,7,Rutgers,7,@,Oct 5 2019,Sat,11.5,41,,,
Memphis,52,33,Louisiana-Monroe,7,@,Oct 5 2019,Sat,13.5,19,,,
Michigan,10,3,Iowa,7,,Oct 5 2019,Sat,5,7,,,
MiddleTennesseeState,24,13,Marshall,7,,Oct 5 2019,Sat,-6.5,11,,,
Minnesota,40,17,Illinois,7,,Oct 5 2019,Sat,14,23,,,
Mississippi,31,6,Vanderbilt,7,,Oct 5 2019,Sat,6.5,25,,,
Missouri,42,10,Troy,7,,Oct 5 2019,Sat,25.5,32,,,
Navy,34,25,AirForce,7,,Oct 5 2019,Sat,-2,9,,,
Nebraska,13,10,Northwestern,7,,Oct 5 2019,Sat,6.5,3,,,
NorthCarolina,38,22,GeorgiaTech,7,@,Oct 5 2019,Sat,8,16,,,
NotreDame,52,0,BowlingGreenState,7,,Oct 5 2019,Sat,45,52,,,
Ohio,21,20,Buffalo,7,@,Oct 5 2019,Sat,1.5,1,,,
OhioState,34,10,MichiganState,7,,Oct 5 2019,Sat,20,24,,,
Oklahoma,45,20,Kansas,7,@,Oct 5 2019,Sat,34,25,,,
Oregon,17,7,California,7,,Oct 5 2019,Sat,18.5,10,,,
OregonState,48,31,UCLA,7,@,Oct 5 2019,Sat,-8.5,17,,,
PennState,35,7,Purdue,7,,Oct 5 2019,Sat,24,28,,,
Pittsburgh,33,30,Duke,7,@,Oct 5 2019,Sat,-5,3,,,
SanDiegoState,24,10,ColoradoState,7,@,Oct 5 2019,Sat,6,14,,,
SouthFlorida,48,22,Connecticut,7,@,Oct 5 2019,Sat,11,26,,,
SouthernMethodist,43,37,Tulsa,7,,Oct 5 2019,Sat,14,6,,,
Stanford,23,13,Washington,7,,Oct 5 2019,Sat,-13,10,,,
Texas,42,31,WestVirginia,7,@,Oct 5 2019,Sat,9.5,11,,,
TexasTech,45,35,OklahomaState,7,,Oct 5 2019,Sat,-8,10,,,
Texas-SanAntonio,26,16,Texas-ElPaso,7,@,Oct 5 2019,Sat,-0.5,10,,,
Toledo,31,24,WesternMichigan,7,,Oct 5 2019,Sat,4,7,,,
Tulane,42,33,Army,7,@,Oct 5 2019,Sat,1,9,,,
VirginiaTech,42,35,Miami(FL),7,@,Oct 5 2019,Sat,-12.5,7,,,
WesternKentucky,20,3,OldDominion,7,@,Oct 5 2019,Sat,3,17,,,
Wisconsin,48,0,KentState,7,,Oct 5 2019,Sat,35.5,48,,,
AppalachianState,17,7,Louisiana,8,@,Oct 9 2019,Wed,-1,10,,,
Louisiana-Monroe,24,14,TexasState,8,@,Oct 10 2019,Thu,3,10,,,
NorthCarolinaState,16,10,Syracuse,8,,Oct 10 2019,Thu,3,6,,,
ColoradoState,35,21,NewMexico,8,@,Oct 11 2019,Fri,4,14,,,
Miami(FL),17,9,Virginia,8,,Oct 11 2019,Fri,1,8,,,
Oregon,45,3,Colorado,8,,Oct 11 2019,Fri,19.5,42,,,
AirForce,43,24,FresnoState,8,,Oct 12 2019,Sat,3,19,,,
Alabama,47,28,TexasA&M,8,@,Oct 12 2019,Sat,17.5,19,,,
Alabama-Birmingham,33,14,Texas-SanAntonio,8,@,Oct 12 2019,Sat,9,19,,,
ArizonaState,38,34,WashingtonState,8,,Oct 12 2019,Sat,-2,4,,,
BallState,29,23,EasternMichigan,8,@,Oct 12 2019,Sat,-1,6,,,
Baylor,33,30,TexasTech,8,,Oct 12 2019,Sat,10.5,3,,,
BoiseState,59,37,Hawaii,8,,Oct 12 2019,Sat,13.5,22,,,
BowlingGreenState,20,7,Toledo,8,,Oct 12 2019,Sat,-23.5,13,,,
CentralMichigan,42,28,NewMexicoState,8,,Oct 12 2019,Sat,12.5,14,,,
Cincinnati,38,23,Houston,8,@,Oct 12 2019,Sat,5,15,,,
Clemson,45,14,FloridaState,8,,Oct 12 2019,Sat,26,31,,,
Duke,41,23,GeorgiaTech,8,,Oct 12 2019,Sat,18.5,18,,,
FloridaAtlantic,28,13,MiddleTennesseeState,8,,Oct 12 2019,Sat,11,15,,,
FloridaInternational,48,23,Charlotte,8,,Oct 12 2019,Sat,6.5,25,,,
GeorgiaState,31,21,CoastalCarolina,8,@,Oct 12 2019,Sat,-6.5,10,,,
Indiana,35,0,Rutgers,8,,Oct 12 2019,Sat,25,35,,,
IowaState,38,14,WestVirginia,8,@,Oct 12 2019,Sat,8,24,,,
KentState,26,3,Akron,8,@,Oct 12 2019,Sat,11,23,,,
Kentucky,24,20,Arkansas,8,,Oct 12 2019,Sat,7,4,,,
LouisianaState,42,28,Florida,8,,Oct 12 2019,Sat,14,14,,,
LouisianaTech,69,21,Massachusetts,8,,Oct 12 2019,Sat,31.5,48,,,
Louisville,62,59,WakeForest,8,@,Oct 12 2019,Sat,-6,3,,,
Marshall,31,17,OldDominion,8,,Oct 12 2019,Sat,14,14,,,
Michigan,42,25,Illinois,8,@,Oct 12 2019,Sat,19,17,,,
Minnesota,34,7,Nebraska,8,,Oct 12 2019,Sat,7,27,,,
Missouri,38,27,Mississippi,8,,Oct 12 2019,Sat,12,11,,,
Navy,45,17,Tulsa,8,@,Oct 12 2019,Sat,0,28,,,
Nevada,41,38,SanJoseState,8,,Oct 12 2019,Sat,4,3,,,
Nevada-LasVegas,34,10,Vanderbilt,8,@,Oct 12 2019,Sat,-15,24,,,
NorthernIllinois,39,36,Ohio,8,@,Oct 12 2019,Sat,-6.5,3,,,
NotreDame,30,27,SouthernCalifornia,8,,Oct 12 2019,Sat,11,3,,,
Oklahoma,34,27,Texas,8,N,Oct 12 2019,Sat,10,7,,,
PennState,17,12,Iowa,8,@,Oct 12 2019,Sat,2.5,5,,,
Purdue,40,14,Maryland,8,,Oct 12 2019,Sat,-3,26,,,
SanDiegoState,26,22,Wyoming,8,,Oct 12 2019,Sat,5,4,,,
SouthCarolina,20,17,Georgia,8,@,Oct 12 2019,Sat,-24,3,,,
SouthFlorida,27,23,BrighamYoung,8,,Oct 12 2019,Sat,-4,4,,,
SouthernMississippi,45,27,NorthTexas,8,,Oct 12 2019,Sat,6,18,,,
Temple,30,28,Memphis,8,,Oct 12 2019,Sat,-3,2,,,
Tennessee,20,10,MississippiState,8,,Oct 12 2019,Sat,-7,10,,,
Tulane,49,7,Connecticut,8,,Oct 12 2019,Sat,35,42,,,
Utah,52,7,OregonState,8,@,Oct 12 2019,Sat,14,45,,,
VirginiaTech,34,17,RhodeIsland,8,,Oct 12 2019,Sat,25.5,17,,,
Washington,51,27,Arizona,8,@,Oct 12 2019,Sat,6,24,,,
WesternKentucky,17,8,Army,8,,Oct 12 2019,Sat,-3.5,9,,,
WesternMichigan,38,16,Miami(OH),8,,Oct 12 2019,Sat,10.5,22,,,
Wisconsin,38,0,MichiganState,8,,Oct 12 2019,Sat,10,38,,,
Troy,37,13,SouthAlabama,9,,Oct 16 2019,Wed,14.5,24,,,
Louisiana,37,20,ArkansasState,9,@,Oct 17 2019,Thu,5.5,17,,,
UCLA,34,16,Stanford,9,@,Oct 17 2019,Thu,-8,18,,,
FresnoState,56,27,Nevada-LasVegas,9,,Oct 18 2019,Fri,13.5,29,,,
Marshall,36,31,FloridaAtlantic,9,@,Oct 18 2019,Fri,-5.5,5,,,
OhioState,52,3,Northwestern,9,@,Oct 18 2019,Fri,27,49,,,
Pittsburgh,27,20,Syracuse,9,@,Oct 18 2019,Fri,3.5,7,,,
AirForce,56,26,Hawaii,9,@,Oct 19 2019,Sat,2.5,30,,,
Alabama,35,13,Tennessee,9,,Oct 19 2019,Sat,34.5,22,,,
Alabama-Birmingham,38,14,OldDominion,9,,Oct 19 2019,Sat,15,24,,,
AppalachianState,52,7,Louisiana-Monroe,9,,Oct 19 2019,Sat,16.5,45,,,
Auburn,51,10,Arkansas,9,@,Oct 19 2019,Sat,18.5,41,,,
BallState,52,14,Toledo,9,,Oct 19 2019,Sat,3,38,,,
Baylor,45,27,OklahomaState,9,@,Oct 19 2019,Sat,-2.5,18,,,
BostonCollege,45,24,NorthCarolinaState,9,,Oct 19 2019,Sat,-2.5,21,,,
BrighamYoung,28,25,BoiseState,9,,Oct 19 2019,Sat,-6.5,3,,,
Buffalo,21,0,Akron,9,@,Oct 19 2019,Sat,18,21,,,
CentralFlorida,41,28,EastCarolina,9,,Oct 19 2019,Sat,33,13,,,
CentralMichigan,38,20,BowlingGreenState,9,@,Oct 19 2019,Sat,9,18,,,
Cincinnati,24,13,Tulsa,9,,Oct 19 2019,Sat,16,11,,,
Clemson,45,10,Louisville,9,@,Oct 19 2019,Sat,22,35,,,
EasternMichigan,34,27,WesternMichigan,9,,Oct 19 2019,Sat,-9.5,7,,,
Florida,38,27,SouthCarolina,9,@,Oct 19 2019,Sat,5,11,,,
FloridaInternational,32,17,Texas-ElPaso,9,,Oct 19 2019,Sat,21,15,,,
Georgia,21,0,Kentucky,9,,Oct 19 2019,Sat,24.5,21,,,
GeorgiaSouthern,30,27,CoastalCarolina,9,,Oct 19 2019,Sat,6.5,3,,,
GeorgiaState,28,21,Army,9,,Oct 19 2019,Sat,-5,7,,,
GeorgiaTech,28,21,Miami(FL),9,@,Oct 19 2019,Sat,-18.5,7,,,
Houston,24,17,Connecticut,9,@,Oct 19 2019,Sat,23,7,,,
Illinois,24,23,Wisconsin,9,,Oct 19 2019,Sat,-28.5,1,,,
Indiana,34,28,Maryland,9,@,Oct 19 2019,Sat,1,6,,,
Iowa,26,20,Purdue,9,,Oct 19 2019,Sat,16.5,6,,,
IowaState,34,24,TexasTech,9,@,Oct 19 2019,Sat,5.5,10,,,
KansasState,24,17,TexasChristian,9,,Oct 19 2019,Sat,-2.5,7,,,
Liberty,59,44,Maine,9,,Oct 19 2019,Sat,14.5,15,,,
LouisianaState,36,13,MississippiState,9,@,Oct 19 2019,Sat,17.5,23,,,
LouisianaTech,45,30,SouthernMississippi,9,,Oct 19 2019,Sat,-1,15,,,
Memphis,47,17,Tulane,9,,Oct 19 2019,Sat,4,30,,,
Miami(OH),27,24,NorthernIllinois,9,,Oct 19 2019,Sat,-2,3,,,
Minnesota,42,7,Rutgers,9,@,Oct 19 2019,Sat,27.5,35,,,
Navy,35,3,SouthFlorida,9,,Oct 19 2019,Sat,11.5,32,,,
NorthTexas,33,30,MiddleTennesseeState,9,,Oct 19 2019,Sat,9.5,3,,,
Ohio,45,38,KentState,9,,Oct 19 2019,Sat,7.5,7,,,
Oklahoma,52,14,WestVirginia,9,,Oct 19 2019,Sat,33,38,,,
Oregon,35,31,Washington,9,@,Oct 19 2019,Sat,2,4,,,
OregonState,21,17,California,9,@,Oct 19 2019,Sat,-10.5,4,,,
PennState,28,21,Michigan,9,,Oct 19 2019,Sat,7.5,7,,,
SanDiegoState,27,17,SanJoseState,9,@,Oct 19 2019,Sat,7,10,,,
SouthernCalifornia,41,14,Arizona,9,,Oct 19 2019,Sat,9,27,,,
SouthernMethodist,45,21,Temple,9,,Oct 19 2019,Sat,7,24,,,
Texas,50,48,Kansas,9,,Oct 19 2019,Sat,24,2,,,
TexasA&M,24,17,Mississippi,9,@,Oct 19 2019,Sat,5,7,,,
Texas-SanAntonio,31,27,Rice,9,,Oct 19 2019,Sat,-6,4,,,
Utah,21,3,ArizonaState,9,,Oct 19 2019,Sat,13.5,18,,,
UtahState,36,10,Nevada,9,,Oct 19 2019,Sat,20.5,26,,,
Vanderbilt,21,14,Missouri,9,,Oct 19 2019,Sat,-21,7,,,
Virginia,48,14,Duke,9,,Oct 19 2019,Sat,3.5,34,,,
VirginiaTech,43,41,NorthCarolina,9,,Oct 19 2019,Sat,-3,2,,,
WakeForest,22,20,FloridaState,9,,Oct 19 2019,Sat,-3,2,,,
WashingtonState,41,10,Colorado,9,,Oct 19 2019,Sat,12.5,31,,,
WesternKentucky,30,14,Charlotte,9,,Oct 19 2019,Sat,10.5,16,,,
Wyoming,23,10,NewMexico,9,,Oct 19 2019,Sat,19.5,13,,,
SouthernMethodist,34,31,Houston,10,@,Oct 24 2019,Thu,12.5,3,,,
SouthernCalifornia,35,31,Colorado,10,@,Oct 25 2019,Fri,9,4,,,
AirForce,31,7,UtahState,10,,Oct 26 2019,Sat,3,24,,,
Alabama,48,7,Arkansas,10,,Oct 26 2019,Sat,33,41,,,
AppalachianState,30,3,SouthAlabama,10,@,Oct 26 2019,Sat,25.5,27,,,
ArkansasState,38,14,TexasState,10,,Oct 26 2019,Sat,13.5,24,,,
Buffalo,43,20,CentralMichigan,10,,Oct 26 2019,Sat,2.5,23,,,
CentralFlorida,63,21,Temple,10,@,Oct 26 2019,Sat,8.5,42,,,
Charlotte,39,38,NorthTexas,10,,Oct 26 2019,Sat,-3,1,,,
Clemson,59,7,BostonCollege,10,,Oct 26 2019,Sat,34,52,,,
ColoradoState,41,31,FresnoState,10,@,Oct 26 2019,Sat,-14,10,,,
Connecticut,56,35,Massachusetts,10,@,Oct 26 2019,Sat,8,21,,,
FloridaAtlantic,41,3,OldDominion,10,@,Oct 26 2019,Sat,13,38,,,
FloridaState,35,17,Syracuse,10,,Oct 26 2019,Sat,10,18,,,
GeorgiaSouthern,41,7,NewMexicoState,10,,Oct 26 2019,Sat,15,34,,,
GeorgiaState,52,33,Troy,10,,Oct 26 2019,Sat,1,19,,,
Hawaii,45,31,NewMexico,10,@,Oct 26 2019,Sat,10.5,14,,,
Illinois,24,6,Purdue,10,@,Oct 26 2019,Sat,-7.5,18,,,
Indiana,38,31,Nebraska,10,@,Oct 26 2019,Sat,-2.5,7,,,
Iowa,20,0,Northwestern,10,@,Oct 26 2019,Sat,9.5,20,,,
Kansas,37,34,TexasTech,10,,Oct 26 2019,Sat,-3.5,3,,,
KansasState,48,41,Oklahoma,10,,Oct 26 2019,Sat,-20,7,,,
Kentucky,29,7,Missouri,10,,Oct 26 2019,Sat,-9.5,22,,,
LouisianaState,23,20,Auburn,10,,Oct 26 2019,Sat,11,3,,,
LouisianaTech,42,21,Texas-ElPaso,10,@,Oct 26 2019,Sat,18.5,21,,,
Louisville,28,21,Virginia,10,,Oct 26 2019,Sat,-3,7,,,
Marshall,26,23,WesternKentucky,10,,Oct 26 2019,Sat,6,3,,,
Memphis,42,41,Tulsa,10,@,Oct 26 2019,Sat,10.5,1,,,
Miami(FL),16,12,Pittsburgh,10,@,Oct 26 2019,Sat,-5,4,,,
Miami(OH),23,16,KentState,10,@,Oct 26 2019,Sat,-2.5,7,,,
Michigan,45,14,NotreDame,10,,Oct 26 2019,Sat,2.5,31,,,
MiddleTennesseeState,50,17,FloridaInternational,10,,Oct 26 2019,Sat,-1.5,33,,,
Minnesota,52,10,Maryland,10,,Oct 26 2019,Sat,15.5,42,,,
Navy,41,38,Tulane,10,,Oct 26 2019,Sat,4,3,,,
NorthCarolina,20,17,Duke,10,,Oct 26 2019,Sat,4,3,,,
NorthernIllinois,49,0,Akron,10,,Oct 26 2019,Sat,24.5,49,,,
Ohio,34,21,BallState,10,@,Oct 26 2019,Sat,-2.5,13,,,
OhioState,38,7,Wisconsin,10,,Oct 26 2019,Sat,13,31,,,
OklahomaState,34,27,IowaState,10,@,Oct 26 2019,Sat,-9,7,,,
Oregon,37,35,WashingtonState,10,,Oct 26 2019,Sat,13.5,2,,,
PennState,28,7,MichiganState,10,@,Oct 26 2019,Sat,6,21,,,
Rutgers,44,34,Liberty,10,,Oct 26 2019,Sat,-6.5,10,,,
SanDiegoState,20,17,Nevada-LasVegas,10,@,Oct 26 2019,Sat,11,3,,,
SanJoseState,34,29,Army,10,@,Oct 26 2019,Sat,-10.5,5,,,
SouthFlorida,45,20,EastCarolina,10,@,Oct 26 2019,Sat,1,25,,,
SouthernMississippi,20,6,Rice,10,@,Oct 26 2019,Sat,12,14,,,
Stanford,41,31,Arizona,10,,Oct 26 2019,Sat,3,10,,,
Tennessee,41,21,SouthCarolina,10,,Oct 26 2019,Sat,-4,20,,,
TexasA&M,49,30,MississippiState,10,,Oct 26 2019,Sat,10,19,,,
TexasChristian,37,27,Texas,10,,Oct 26 2019,Sat,1,10,,,
Toledo,37,34,EasternMichigan,10,,Oct 26 2019,Sat,4,3,,,
UCLA,42,32,ArizonaState,10,,Oct 26 2019,Sat,-2.5,10,,,
Utah,35,0,California,10,,Oct 26 2019,Sat,19,35,,,
WesternMichigan,49,10,BowlingGreenState,10,,Oct 26 2019,Sat,26,39,,,
Wyoming,31,3,Nevada,10,,Oct 26 2019,Sat,13.5,28,,,
Baylor,17,14,WestVirginia,11,,Oct 31 2019,Thu,17,3,,,
GeorgiaSouthern,24,21,AppalachianState,11,@,Oct 31 2019,Thu,-18,3,,,
Navy,56,10,Connecticut,11,@,Nov 1 2019,Fri,25.5,46,,,
AirForce,17,13,Army,11,,Nov 2 2019,Sat,15.5,4,,,
ArkansasState,48,41,Louisiana-Monroe,11,@,Nov 2 2019,Sat,1,7,,,
Auburn,20,14,Mississippi,11,,Nov 2 2019,Sat,18.5,6,,,
BoiseState,52,42,SanJoseState,11,@,Nov 2 2019,Sat,16.5,10,,,
BostonCollege,58,27,Syracuse,11,@,Nov 2 2019,Sat,-2,31,,,
BowlingGreenState,35,6,Akron,11,,Nov 2 2019,Sat,6,29,,,
BrighamYoung,42,14,UtahState,11,@,Nov 2 2019,Sat,-4.5,28,,,
Buffalo,43,14,EasternMichigan,11,@,Nov 2 2019,Sat,-1.5,29,,,
CentralFlorida,44,29,Houston,11,,Nov 2 2019,Sat,21.5,15,,,
CentralMichigan,48,10,NorthernIllinois,11,,Nov 2 2019,Sat,-1.5,38,,,
Charlotte,34,20,MiddleTennesseeState,11,,Nov 2 2019,Sat,-2.5,14,,,
Cincinnati,46,43,EastCarolina,11,@,Nov 2 2019,Sat,23,3,,,
Clemson,59,14,Wofford,11,,Nov 2 2019,Sat,47,45,,,
CoastalCarolina,36,35,Troy,11,,Nov 2 2019,Sat,-1,1,,,
ColoradoState,37,17,Nevada-LasVegas,11,,Nov 2 2019,Sat,9.5,20,,,
FloridaAtlantic,35,24,WesternKentucky,11,@,Nov 2 2019,Sat,1,11,,,
FloridaInternational,24,17,OldDominion,11,,Nov 2 2019,Sat,14.5,7,,,
FresnoState,41,38,Hawaii,11,@,Nov 2 2019,Sat,-3,3,,,
Georgia,24,17,Florida,11,N,Nov 2 2019,Sat,3.5,7,,,
Illinois,38,10,Rutgers,11,,Nov 2 2019,Sat,20,28,,,
Indiana,34,3,Northwestern,11,,Nov 2 2019,Sat,11.5,31,,,
KansasState,38,10,Kansas,11,@,Nov 2 2019,Sat,6.5,28,,,
Liberty,63,21,Massachusetts,11,@,Nov 2 2019,Sat,21,42,,,
Louisiana,31,3,TexasState,11,,Nov 2 2019,Sat,22,28,,,
Marshall,20,7,Rice,11,@,Nov 2 2019,Sat,10,13,,,
Memphis,54,48,SouthernMethodist,11,,Nov 2 2019,Sat,3,6,,,
Miami(FL),27,10,FloridaState,11,@,Nov 2 2019,Sat,-4.5,17,,,
Michigan,38,7,Maryland,11,@,Nov 2 2019,Sat,16.5,31,,,
MississippiState,54,24,Arkansas,11,@,Nov 2 2019,Sat,7,30,,,
Nevada,21,10,NewMexico,11,,Nov 2 2019,Sat,6.5,11,,,
NorthTexas,52,26,Texas-ElPaso,11,,Nov 2 2019,Sat,21.5,26,,,
NotreDame,21,20,VirginiaTech,11,,Nov 2 2019,Sat,17,1,,,
OklahomaState,34,27,TexasChristian,11,,Nov 2 2019,Sat,4,7,,,
Oregon,56,24,SouthernCalifornia,11,@,Nov 2 2019,Sat,4.5,32,,,
OregonState,56,38,Arizona,11,@,Nov 2 2019,Sat,-7,18,,,
Pittsburgh,20,10,GeorgiaTech,11,@,Nov 2 2019,Sat,8,10,,,
Purdue,31,27,Nebraska,11,,Nov 2 2019,Sat,-2,4,,,
SouthCarolina,24,7,Vanderbilt,11,,Nov 2 2019,Sat,14,17,,,
Tennessee,30,7,Alabama-Birmingham,11,,Nov 2 2019,Sat,10,23,,,
TexasA&M,45,14,Texas-SanAntonio,11,,Nov 2 2019,Sat,38,31,,,
Tulane,38,26,Tulsa,11,,Nov 2 2019,Sat,9,12,,,
UCLA,31,14,Colorado,11,,Nov 2 2019,Sat,4,17,,,
Utah,33,28,Washington,11,@,Nov 2 2019,Sat,1,5,,,
Virginia,38,31,NorthCarolina,11,@,Nov 2 2019,Sat,0,7,,,
WakeForest,44,10,NorthCarolinaState,11,,Nov 2 2019,Sat,7.5,34,,,
Toledo,35,33,KentState,12,,Nov 5 2019,Tue,7.5,2,,,
WesternMichigan,35,31,BallState,12,,Nov 5 2019,Tue,8,4,,,
Miami(OH),24,21,Ohio,12,@,Nov 6 2019,Wed,-6.5,3,,,
Louisiana,48,7,CoastalCarolina,12,@,Nov 7 2019,Thu,11.5,41,,,
Temple,17,7,SouthFlorida,12,@,Nov 7 2019,Thu,1,10,,,
Tulsa,34,31,CentralFlorida,12,,Nov 8 2019,Fri,-16,3,,,
Washington,19,7,OregonState,12,@,Nov 8 2019,Fri,9.5,12,,,
AppalachianState,20,15,SouthCarolina,12,@,Nov 9 2019,Sat,-4,5,,,
Army,63,7,Massachusetts,12,,Nov 9 2019,Sat,35.5,56,,,
Baylor,29,23,TexasChristian,12,@,Nov 9 2019,Sat,2,6,,,
BoiseState,20,17,Wyoming,12,,Nov 9 2019,Sat,11.5,3,,,
BrighamYoung,31,24,Liberty,12,,Nov 9 2019,Sat,18,7,,,
California,33,20,WashingtonState,12,,Nov 9 2019,Sat,-7,13,,,
Charlotte,28,21,Texas-ElPaso,12,@,Nov 9 2019,Sat,11.5,7,,,
Cincinnati,48,3,Connecticut,12,,Nov 9 2019,Sat,34.5,45,,,
Clemson,55,10,NorthCarolinaState,12,@,Nov 9 2019,Sat,30,45,,,
Colorado,16,13,Stanford,12,,Nov 9 2019,Sat,-3.5,3,,,
Florida,56,0,Vanderbilt,12,,Nov 9 2019,Sat,24,56,,,
FloridaAtlantic,37,7,FloridaInternational,12,,Nov 9 2019,Sat,10,30,,,
FloridaState,38,31,BostonCollege,12,@,Nov 9 2019,Sat,-1.5,7,,,
Georgia,27,0,Missouri,12,,Nov 9 2019,Sat,16.5,27,,,
Hawaii,42,40,SanJoseState,12,,Nov 9 2019,Sat,7,2,,,
Illinois,37,34,MichiganState,12,@,Nov 9 2019,Sat,-11,3,,,
LouisianaState,46,41,Alabama,12,@,Nov 9 2019,Sat,-6,5,,,
LouisianaTech,52,17,NorthTexas,12,,Nov 9 2019,Sat,6,35,,,
Louisiana-Monroe,45,31,GeorgiaState,12,,Nov 9 2019,Sat,-2.5,14,,,
Miami(FL),52,27,Louisville,12,,Nov 9 2019,Sat,5,25,,,
Minnesota,31,26,PennState,12,,Nov 9 2019,Sat,-6,5,,,
Mississippi,41,3,NewMexicoState,12,,Nov 9 2019,Sat,28.5,38,,,
Nevada,17,13,SanDiegoState,12,@,Nov 9 2019,Sat,-16.5,4,,,
NotreDame,38,7,Duke,12,@,Nov 9 2019,Sat,5.5,31,,,
OhioState,73,14,Maryland,12,,Nov 9 2019,Sat,42,59,,,
Oklahoma,42,41,IowaState,12,,Nov 9 2019,Sat,13,1,,,
Purdue,24,22,Northwestern,12,@,Nov 9 2019,Sat,2,2,,,
SouthernCalifornia,31,26,ArizonaState,12,@,Nov 9 2019,Sat,1,5,,,
SouthernMethodist,59,51,EastCarolina,12,,Nov 9 2019,Sat,23,8,,,
SouthernMississippi,37,2,Alabama-Birmingham,12,,Nov 9 2019,Sat,7,35,,,
Tennessee,17,13,Kentucky,12,@,Nov 9 2019,Sat,-2.5,4,,,
Texas,27,24,KansasState,12,,Nov 9 2019,Sat,5,3,,,
TexasState,30,28,SouthAlabama,12,,Nov 9 2019,Sat,7,2,,,
TexasTech,38,17,WestVirginia,12,@,Nov 9 2019,Sat,0,21,,,
Texas-SanAntonio,24,23,OldDominion,12,@,Nov 9 2019,Sat,-3.5,1,,,
Troy,49,28,GeorgiaSouthern,12,,Nov 9 2019,Sat,-1,21,,,
UtahState,37,35,FresnoState,12,@,Nov 9 2019,Sat,-3,2,,,
Virginia,33,28,GeorgiaTech,12,,Nov 9 2019,Sat,17,5,,,
VirginiaTech,36,17,WakeForest,12,,Nov 9 2019,Sat,-2.5,19,,,
WesternKentucky,45,19,Arkansas,12,@,Nov 9 2019,Sat,-2.5,26,,,
Wisconsin,24,22,Iowa,12,,Nov 9 2019,Sat,9.5,2,,,
EasternMichigan,42,14,Akron,13,@,Nov 12 2019,Tue,17,28,,,
WesternMichigan,37,34,Ohio,13,@,Nov 12 2019,Tue,-1.5,3,,,
Miami(OH),44,3,BowlingGreenState,13,,Nov 13 2019,Wed,18.5,41,,,
NorthernIllinois,31,28,Toledo,13,@,Nov 13 2019,Wed,-2,3,,,
KentState,30,27,Buffalo,13,,Nov 14 2019,Thu,-3.5,3,,,
Pittsburgh,34,27,NorthCarolina,13,,Nov 14 2019,Thu,4.5,7,,,
Marshall,31,10,LouisianaTech,13,,Nov 15 2019,Fri,2.5,21,,,
SanDiegoState,17,7,FresnoState,13,,Nov 15 2019,Fri,2,10,,,
AirForce,38,21,ColoradoState,13,@,Nov 16 2019,Sat,10,17,,,
Alabama,38,7,MississippiState,13,@,Nov 16 2019,Sat,19,31,,,
Alabama-Birmingham,37,10,Texas-ElPaso,13,,Nov 16 2019,Sat,17,27,,,
AppalachianState,56,27,GeorgiaState,13,@,Nov 16 2019,Sat,14.5,29,,,
ArkansasState,28,27,CoastalCarolina,13,,Nov 16 2019,Sat,11,1,,,
Army,47,6,VirginiaMilitaryInstitute,13,,Nov 16 2019,Sat,35.5,41,,,
BoiseState,42,9,NewMexico,13,,Nov 16 2019,Sat,27,33,,,
BrighamYoung,42,10,IdahoState,13,,Nov 16 2019,Sat,33,32,,,
CentralMichigan,45,44,BallState,13,@,Nov 16 2019,Sat,-2.5,1,,,
Cincinnati,20,17,SouthFlorida,13,@,Nov 16 2019,Sat,12.5,3,,,
Clemson,52,3,WakeForest,13,,Nov 16 2019,Sat,30,49,,,
Florida,23,6,Missouri,13,@,Nov 16 2019,Sat,6.5,17,,,
FloridaState,49,12,AlabamaState,13,,Nov 16 2019,Sat,41,37,,,
Georgia,21,14,Auburn,13,@,Nov 16 2019,Sat,2.5,7,,,
GeorgiaSouthern,51,29,Louisiana-Monroe,13,,Nov 16 2019,Sat,7,22,,,
Hawaii,21,7,Nevada-LasVegas,13,@,Nov 16 2019,Sat,6.5,14,,,
Iowa,23,19,Minnesota,13,,Nov 16 2019,Sat,3,4,,,
IowaState,23,21,Texas,13,,Nov 16 2019,Sat,6.5,2,,,
Kentucky,38,14,Vanderbilt,13,@,Nov 16 2019,Sat,8,24,,,
Louisiana,37,27,SouthAlabama,13,@,Nov 16 2019,Sat,25,10,,,
LouisianaState,58,37,Mississippi,13,@,Nov 16 2019,Sat,21,21,,,
Louisville,34,20,NorthCarolinaState,13,@,Nov 16 2019,Sat,3.5,14,,,
Memphis,45,27,Houston,13,@,Nov 16 2019,Sat,8.5,18,,,
Michigan,44,10,MichiganState,13,,Nov 16 2019,Sat,14,34,,,
NewMexicoState,41,28,IncarnateWord,13,,Nov 16 2019,Sat,7.5,13,,,
Northwestern,45,6,Massachusetts,13,,Nov 16 2019,Sat,38,39,,,
NotreDame,52,20,Navy,13,,Nov 16 2019,Sat,10,32,,,
OhioState,56,21,Rutgers,13,@,Nov 16 2019,Sat,50.5,35,,,
Oklahoma,34,31,Baylor,13,@,Nov 16 2019,Sat,8.5,3,,,
OklahomaState,31,13,Kansas,13,,Nov 16 2019,Sat,17,18,,,
Oregon,34,6,Arizona,13,,Nov 16 2019,Sat,26,28,,,
OregonState,35,34,ArizonaState,13,,Nov 16 2019,Sat,-2.5,1,,,
PennState,34,27,Indiana,13,,Nov 16 2019,Sat,14,7,,,
Rice,31,28,MiddleTennesseeState,13,@,Nov 16 2019,Sat,-11,3,,,
SouthernCalifornia,41,17,California,13,@,Nov 16 2019,Sat,5,24,,,
SouthernMississippi,36,17,Texas-SanAntonio,13,@,Nov 16 2019,Sat,17,19,,,
Syracuse,49,6,Duke,13,@,Nov 16 2019,Sat,-10.5,43,,,
Temple,29,21,Tulane,13,,Nov 16 2019,Sat,-3.5,8,,,
TexasA&M,30,6,SouthCarolina,13,,Nov 16 2019,Sat,10,24,,,
TexasChristian,33,31,TexasTech,13,@,Nov 16 2019,Sat,4,2,,,
Troy,63,27,TexasState,13,@,Nov 16 2019,Sat,8,36,,,
Utah,49,3,UCLA,13,,Nov 16 2019,Sat,20,46,,,
UtahState,26,21,Wyoming,13,,Nov 16 2019,Sat,6.5,5,,,
VirginiaTech,45,0,GeorgiaTech,13,@,Nov 16 2019,Sat,5.5,45,,,
WashingtonState,49,22,Stanford,13,,Nov 16 2019,Sat,10,27,,,
WestVirginia,24,20,KansasState,13,@,Nov 16 2019,Sat,-15,4,,,
Wisconsin,37,21,Nebraska,13,@,Nov 16 2019,Sat,11.5,16,,,
EasternMichigan,45,17,NorthernIllinois,14,@,Nov 19 2019,Tue,-4.5,28,,,
Ohio,66,24,BowlingGreenState,14,@,Nov 19 2019,Tue,1.5,42,,,
Buffalo,49,30,Toledo,14,,Nov 20 2019,Wed,7,19,,,
Miami(OH),20,17,Akron,14,,Nov 20 2019,Wed,30.5,3,,,
GeorgiaTech,28,26,NorthCarolinaState,14,,Nov 21 2019,Thu,1,2,,,
Wyoming,17,7,ColoradoState,14,,Nov 22 2019,Fri,7,10,,,
AirForce,44,22,NewMexico,14,@,Nov 23 2019,Sat,21.5,22,,,
Alabama,66,3,WesternCarolina,14,,Nov 23 2019,Sat,58.5,63,,,
Alabama-Birmingham,20,14,LouisianaTech,14,,Nov 23 2019,Sat,5.5,6,,,
AppalachianState,35,13,TexasState,14,,Nov 23 2019,Sat,28,22,,,
ArizonaState,31,28,Oregon,14,,Nov 23 2019,Sat,-14,3,,,
ArkansasState,38,33,GeorgiaSouthern,14,,Nov 23 2019,Sat,1,5,,,
Auburn,52,0,Samford,14,,Nov 23 2019,Sat,45.5,52,,,
Baylor,24,10,Texas,14,,Nov 23 2019,Sat,3.5,14,,,
BoiseState,56,21,UtahState,14,@,Nov 23 2019,Sat,7.5,35,,,
BrighamYoung,56,24,Massachusetts,14,@,Nov 23 2019,Sat,39,32,,,
California,24,20,Stanford,14,@,Nov 23 2019,Sat,3,4,,,
CentralFlorida,34,31,Tulane,14,@,Nov 23 2019,Sat,6,3,,,
Charlotte,24,13,Marshall,14,,Nov 23 2019,Sat,-6.5,11,,,
Cincinnati,15,13,Temple,14,,Nov 23 2019,Sat,10,2,,,
Colorado,20,14,Washington,14,,Nov 23 2019,Sat,-13,6,,,
EastCarolina,31,24,Connecticut,14,@,Nov 23 2019,Sat,13,7,,,
FloridaAtlantic,40,26,Texas-SanAntonio,14,@,Nov 23 2019,Sat,18.5,14,,,
FloridaInternational,30,24,Miami(FL),14,,Nov 23 2019,Sat,-21,6,,,
Georgia,19,13,TexasA&M,14,,Nov 23 2019,Sat,14,6,,,
GeorgiaState,28,15,SouthAlabama,14,,Nov 23 2019,Sat,11,13,,,
Hawaii,14,11,SanDiegoState,14,,Nov 23 2019,Sat,1,3,,,
Houston,24,14,Tulsa,14,@,Nov 23 2019,Sat,-2.5,10,,,
Iowa,19,10,Illinois,14,,Nov 23 2019,Sat,12,9,,,
IowaState,41,31,Kansas,14,,Nov 23 2019,Sat,22.5,10,,,
KansasState,30,27,TexasTech,14,@,Nov 23 2019,Sat,0,3,,,
KentState,41,38,BallState,14,,Nov 23 2019,Sat,-3,3,,,
Kentucky,50,7,Tennessee-Martin,14,,Nov 23 2019,Sat,30.5,43,,,
Louisiana,53,3,Troy,14,,Nov 23 2019,Sat,13,50,,,
LouisianaState,56,20,Arkansas,14,,Nov 23 2019,Sat,43.5,36,,,
Louisiana-Monroe,45,42,CoastalCarolina,14,,Nov 23 2019,Sat,5.5,3,,,
Louisville,56,34,Syracuse,14,,Nov 23 2019,Sat,7.5,22,,,
Memphis,49,10,SouthFlorida,14,@,Nov 23 2019,Sat,14,39,,,
Michigan,39,14,Indiana,14,@,Nov 23 2019,Sat,8,25,,,
MichiganState,27,0,Rutgers,14,@,Nov 23 2019,Sat,20,27,,,
MiddleTennesseeState,38,17,OldDominion,14,,Nov 23 2019,Sat,13,21,,,
Minnesota,38,22,Northwestern,14,@,Nov 23 2019,Sat,12,16,,,
MississippiState,45,7,AbileneChristian,14,,Nov 23 2019,Sat,37,38,,,
Navy,35,28,SouthernMethodist,14,,Nov 23 2019,Sat,2.5,7,,,
Nebraska,54,7,Maryland,14,@,Nov 23 2019,Sat,4.5,47,,,
Nevada,35,28,FresnoState,14,@,Nov 23 2019,Sat,-12.5,7,,,
Nevada-LasVegas,38,35,SanJoseState,14,,Nov 23 2019,Sat,-4.5,3,,,
NewMexicoState,44,35,Texas-ElPaso,14,,Nov 23 2019,Sat,7,9,,,
NorthCarolina,56,7,Mercer,14,,Nov 23 2019,Sat,38.5,49,,,
NotreDame,40,7,BostonCollege,14,,Nov 23 2019,Sat,18,33,,,
OhioState,28,17,PennState,14,,Nov 23 2019,Sat,18,11,,,
Oklahoma,28,24,TexasChristian,14,,Nov 23 2019,Sat,17,4,,,
OklahomaState,20,13,WestVirginia,14,@,Nov 23 2019,Sat,7,7,,,
Rice,20,14,NorthTexas,14,,Nov 23 2019,Sat,-5.5,6,,,
SouthernCalifornia,52,35,UCLA,14,,Nov 23 2019,Sat,12.5,17,,,
Tennessee,24,20,Missouri,14,@,Nov 23 2019,Sat,-4,4,,,
Utah,35,7,Arizona,14,@,Nov 23 2019,Sat,21,28,,,
Vanderbilt,38,0,EastTennesseeState,14,,Nov 23 2019,Sat,20.5,38,,,
Virginia,55,27,Liberty,14,,Nov 23 2019,Sat,19,28,,,
VirginiaTech,28,0,Pittsburgh,14,,Nov 23 2019,Sat,2.5,28,,,
WakeForest,39,27,Duke,14,,Nov 23 2019,Sat,6.5,12,,,
WashingtonState,54,53,OregonState,14,,Nov 23 2019,Sat,12.5,1,,,
WesternKentucky,28,10,SouthernMississippi,14,@,Nov 23 2019,Sat,-5.5,18,,,
Wisconsin,45,24,Purdue,14,,Nov 23 2019,Sat,21.5,21,,,
NorthernIllinois,17,14,WesternMichigan,15,,Nov 26 2019,Tue,-7,3,,,
Ohio,52,3,Akron,15,@,Nov 26 2019,Tue,27,49,,,
MississippiState,21,20,Mississippi,15,,Nov 28 2019,Thu,-1.5,1,,,
AppalachianState,48,13,Troy,15,@,Nov 29 2019,Fri,11.5,35,,,
BallState,41,27,Miami(OH),15,,Nov 29 2019,Fri,2.5,14,,,
BoiseState,31,24,ColoradoState,15,@,Nov 29 2019,Fri,12,7,,,
Buffalo,49,7,BowlingGreenState,15,,Nov 29 2019,Fri,29,42,,,
CentralFlorida,34,7,SouthFlorida,15,,Nov 29 2019,Fri,24.5,27,,,
CentralMichigan,49,7,Toledo,15,,Nov 29 2019,Fri,9.5,42,,,
Iowa,27,24,Nebraska,15,@,Nov 29 2019,Fri,4.5,3,,,
KentState,34,26,EasternMichigan,15,@,Nov 29 2019,Fri,-6,8,,,
Memphis,34,24,Cincinnati,15,,Nov 29 2019,Fri,10.5,10,,,
Missouri,24,14,Arkansas,15,@,Nov 29 2019,Fri,4,10,,,
SouthAlabama,34,30,ArkansasState,15,,Nov 29 2019,Fri,-12,4,,,
Texas,49,24,TexasTech,15,,Nov 29 2019,Fri,9,25,,,
Virginia,39,30,VirginiaTech,15,,Nov 29 2019,Fri,-2,9,,,
Washington,31,13,WashingtonState,15,,Nov 29 2019,Fri,6.5,18,,,
WestVirginia,20,17,TexasChristian,15,@,Nov 29 2019,Fri,-11.5,3,,,
AirForce,20,6,Wyoming,15,,Nov 30 2019,Sat,10.5,14,,,
Alabama-Birmingham,26,21,NorthTexas,15,@,Nov 30 2019,Sat,3.5,5,,,
ArizonaState,24,14,Arizona,15,,Nov 30 2019,Sat,12.5,10,,,
Auburn,48,45,Alabama,15,,Nov 30 2019,Sat,-3.5,3,,,
Baylor,61,6,Kansas,15,@,Nov 30 2019,Sat,14,55,,,
BostonCollege,26,19,Pittsburgh,15,@,Nov 30 2019,Sat,-9,7,,,
California,28,18,UCLA,15,@,Nov 30 2019,Sat,-1.5,10,,,
Charlotte,38,22,OldDominion,15,@,Nov 30 2019,Sat,8.5,16,,,
Clemson,38,3,SouthCarolina,15,@,Nov 30 2019,Sat,24.5,35,,,
CoastalCarolina,24,21,TexasState,15,,Nov 30 2019,Sat,7.5,3,,,
Duke,27,17,Miami(FL),15,,Nov 30 2019,Sat,-7,10,,,
Florida,40,17,FloridaState,15,,Nov 30 2019,Sat,17,23,,,
FloridaAtlantic,34,17,SouthernMississippi,15,,Nov 30 2019,Sat,7.5,17,,,
Georgia,52,7,GeorgiaTech,15,@,Nov 30 2019,Sat,28,45,,,
GeorgiaSouthern,38,10,GeorgiaState,15,,Nov 30 2019,Sat,7.5,28,,,
Hawaii,52,31,Army,15,,Nov 30 2019,Sat,3,21,,,
Indiana,44,41,Purdue,15,@,Nov 30 2019,Sat,6,3,,,
KansasState,27,17,IowaState,15,,Nov 30 2019,Sat,-3,10,,,
Kentucky,45,13,Louisville,15,,Nov 30 2019,Sat,3,32,,,
Liberty,49,28,NewMexicoState,15,,Nov 30 2019,Sat,13,21,,,
Louisiana,31,30,Louisiana-Monroe,15,,Nov 30 2019,Sat,21,1,,,
LouisianaState,50,7,TexasA&M,15,,Nov 30 2019,Sat,16.5,43,,,
LouisianaTech,41,27,Texas-SanAntonio,15,,Nov 30 2019,Sat,20.5,14,,,
Marshall,30,27,FloridaInternational,15,,Nov 30 2019,Sat,7.5,3,,,
MichiganState,19,16,Maryland,15,,Nov 30 2019,Sat,20.5,3,,,
Navy,56,41,Houston,15,@,Nov 30 2019,Sat,7,15,,,
Nevada-LasVegas,33,30,Nevada,15,@,Nov 30 2019,Sat,-7.5,3,,,
NorthCarolina,41,10,NorthCarolinaState,15,@,Nov 30 2019,Sat,8,31,,,
Northwestern,29,10,Illinois,15,@,Nov 30 2019,Sat,-10.5,19,,,
NotreDame,45,24,Stanford,15,@,Nov 30 2019,Sat,14.5,21,,,
OhioState,56,27,Michigan,15,@,Nov 30 2019,Sat,8,29,,,
Oklahoma,34,16,OklahomaState,15,@,Nov 30 2019,Sat,12,18,,,
Oregon,24,10,OregonState,15,,Nov 30 2019,Sat,18,14,,,
PennState,27,6,Rutgers,15,,Nov 30 2019,Sat,38.5,21,,,
Rice,30,16,Texas-ElPaso,15,@,Nov 30 2019,Sat,6.5,14,,,
SanDiegoState,13,3,BrighamYoung,15,,Nov 30 2019,Sat,-2.5,10,,,
SanJoseState,17,16,FresnoState,15,,Nov 30 2019,Sat,2.5,1,,,
SouthernMethodist,37,20,Tulane,15,,Nov 30 2019,Sat,5,17,,,
Syracuse,39,30,WakeForest,15,,Nov 30 2019,Sat,-4.5,9,,,
Temple,49,17,Connecticut,15,,Nov 30 2019,Sat,28,32,,,
Tennessee,28,10,Vanderbilt,15,,Nov 30 2019,Sat,20,18,,,
Tulsa,49,24,EastCarolina,15,@,Nov 30 2019,Sat,5,25,,,
Utah,45,15,Colorado,15,,Nov 30 2019,Sat,28,30,,,
UtahState,38,25,NewMexico,15,@,Nov 30 2019,Sat,13,13,,,
WesternKentucky,31,26,MiddleTennesseeState,15,,Nov 30 2019,Sat,9.5,5,,,
Wisconsin,38,17,Minnesota,15,@,Nov 30 2019,Sat,2,21,,,
Oregon,37,15,Utah,16,N,Dec 6 2019,Fri,-6,22,,,
AppalachianState,45,38,Louisiana,16,,Dec 7 2019,Sat,5.5,7,,,
BoiseState,31,10,Hawaii,16,,Dec 7 2019,Sat,14.5,21,,,
Clemson,62,17,Virginia,16,N,Dec 7 2019,Sat,28,45,,,
FloridaAtlantic,49,6,Alabama-Birmingham,16,,Dec 7 2019,Sat,7.5,43,,,
LouisianaState,37,10,Georgia,16,N,Dec 7 2019,Sat,7,27,,,
Memphis,29,24,Cincinnati,16,,Dec 7 2019,Sat,9,5,,,
Miami(OH),26,21,CentralMichigan,16,N,Dec 7 2019,Sat,-6,5,,,
OhioState,34,21,Wisconsin,16,N,Dec 7 2019,Sat,16.5,13,,,
Oklahoma,30,23,Baylor,16,N,Dec 7 2019,Sat,9.5,7,,,
Navy,31,7,Army,17,N,Dec 14 2019,Sat,10.5,24,,,
Buffalo,31,9,Charlotte,18,N,Dec 20 2019,Fri,4.5,22,,,
KentState,51,41,UtahState,18,N,Dec 20 2019,Fri,-8,10,,,
AppalachianState,31,17,Alabama-Birmingham,18,N,Dec 21 2019,Sat,17.5,14,,,
ArkansasState,34,26,FloridaInternational,18,N,Dec 21 2019,Sat,-1,8,,,
FloridaAtlantic,52,28,SouthernMethodist,18,N,Dec 21 2019,Sat,-3,24,,,
Liberty,23,16,GeorgiaSouthern,18,N,Dec 21 2019,Sat,-6,7,,,
SanDiegoState,48,11,CentralMichigan,18,N,Dec 21 2019,Sat,4.5,37,,,
Washington,38,7,BoiseState,18,N,Dec 21 2019,Sat,3,31,,,
CentralFlorida,48,25,Marshall,18,N,Dec 23 2019,Mon,17.5,23,,,
Hawaii,38,34,BrighamYoung,19,N,Dec 24 2019,Tue,-2,4,,,
LouisianaTech,14,0,Miami(FL),19,N,Dec 26 2019,Thu,-7.5,14,,,
Pittsburgh,34,30,EasternMichigan,19,N,Dec 26 2019,Thu,9.5,4,,,
AirForce,31,21,WashingtonState,19,N,Dec 27 2019,Fri,3,10,,,
Iowa,49,24,SouthernCalifornia,19,N,Dec 27 2019,Fri,-1,25,,,
MichiganState,27,21,WakeForest,19,N,Dec 27 2019,Fri,3.5,6,,,
NorthCarolina,55,13,Temple,19,N,Dec 27 2019,Fri,6,42,,,
TexasA&M,24,21,OklahomaState,19,N,Dec 27 2019,Fri,4,3,,,
Clemson,29,23,OhioState,19,N,Dec 28 2019,Sat,2.5,6,,,
LouisianaState,63,28,Oklahoma,19,N,Dec 28 2019,Sat,10,35,,,
NotreDame,33,9,IowaState,19,N,Dec 28 2019,Sat,3.5,24,,,
PennState,53,39,Memphis,19,N,Dec 28 2019,Sat,7.5,14,,,
California,35,20,Illinois,20,N,Dec 30 2019,Mon,4,15,,,
Florida,36,28,Virginia,20,N,Dec 30 2019,Mon,13.5,8,,,
Louisville,38,28,MississippiState,20,N,Dec 30 2019,Mon,-3.5,10,,,
WesternKentucky,23,20,WesternMichigan,20,N,Dec 30 2019,Mon,2,3,,,
ArizonaState,20,14,FloridaState,21,N,Dec 31 2019,Tue,4.5,6,,,
Kentucky,37,30,VirginiaTech,21,N,Dec 31 2019,Tue,-2.5,7,,,
Navy,20,17,KansasState,21,N,Dec 31 2019,Tue,2.5,3,,,
Texas,38,10,Utah,21,N,Dec 31 2019,Tue,-6.5,28,,,
Wyoming,38,17,GeorgiaState,21,N,Dec 31 2019,Tue,7,21,,,
Alabama,35,16,Michigan,21,N,Jan 1 2020,Wed,7,19,,,
Georgia,26,14,Baylor,21,N,Jan 1 2020,Wed,8.5,12,,,
Minnesota,31,24,Auburn,21,N,Jan 1 2020,Wed,-8,7,,,
Oregon,28,27,Wisconsin,21,N,Jan 1 2020,Wed,-3,1,,,
Cincinnati,38,6,BostonCollege,21,N,Jan 2 2020,Thu,6.5,32,,,
Tennessee,23,22,Indiana,21,N,Jan 2 2020,Thu,1,1,,,
Ohio,30,21,Nevada,21,N,Jan 3 2020,Fri,6.5,9,,,
Tulane,30,13,SouthernMississippi,21,N,Jan 4 2020,Sat,7,17,,,
Louisiana,27,17,Miami(OH),21,N,Jan 6 2020,Mon,14,10,,,
LouisianaState,42,25,Clemson,22,N,Jan 13 2020,Mon,3,17,,,